[{"id":1,"name":"Idle","keyframes":[{"time":0,"nodeId":3,"component":"Translation","hash":"3#Translation","value":[-2,25,0]},{"time":0,"nodeId":3,"component":"Rotation","hash":"3#Rotation","value":[0,0,0,1]},{"time":0,"nodeId":3,"component":"MiddleEffector","hash":"3#MiddleEffector","value":[-10.5,23,0]},{"time":0,"nodeId":3,"component":"EndEffector","hash":"3#EndEffector","value":[6.986353397369385,21.646068572998047,0]},{"time":0,"nodeId":6,"component":"TwistAngle","hash":"6#TwistAngle","value":0},{"time":0,"nodeId":40,"component":"Translation","hash":"40#Translation","value":[11,0,-6]},{"time":0,"nodeId":40,"component":"Rotation","hash":"40#Rotation","value":[0,0,0,-1]},{"time":0,"nodeId":40,"component":"MiddleEffector","hash":"40#MiddleEffector","value":[-11,8.5,-1.5]},{"time":0,"nodeId":40,"component":"EndEffector","hash":"40#EndEffector","value":[-20.57828712463379,-4.060970783233643,-1.581028938293457]},{"time":0,"nodeId":42,"component":"TwistAngle","hash":"42#TwistAngle","value":0},{"time":0,"nodeId":43,"component":"Translation","hash":"43#Translation","value":[11,0.5,-0.5]},{"time":0,"nodeId":43,"component":"Rotation","hash":"43#Rotation","value":[0,0,0,-1]},{"time":0,"nodeId":43,"component":"MiddleEffector","hash":"43#MiddleEffector","value":[0.5,3.5,-0.5]},{"time":0,"nodeId":43,"component":"EndEffector","hash":"43#EndEffector","value":[5,5.42341594660407e-22,-4.877130022174009e-23]},{"time":0,"nodeId":44,"component":"TwistAngle","hash":"44#TwistAngle","value":0},{"time":0,"nodeId":41,"component":"TwistAngle","hash":"41#TwistAngle","value":0},{"time":0,"nodeId":14,"component":"Translation","hash":"14#Translation","value":[11,0,6]},{"time":0,"nodeId":14,"component":"Rotation","hash":"14#Rotation","value":[0,0,0,1]},{"time":0,"nodeId":14,"component":"MiddleEffector","hash":"14#MiddleEffector","value":[-11,8.5,1.5]},{"time":0,"nodeId":14,"component":"EndEffector","hash":"14#EndEffector","value":[-20.909481048583984,-1.4910259246826172,2]},{"time":0,"nodeId":16,"component":"TwistAngle","hash":"16#TwistAngle","value":0},{"time":0,"nodeId":20,"component":"Translation","hash":"20#Translation","value":[11,0.5,0.5]},{"time":0,"nodeId":20,"component":"Rotation","hash":"20#Rotation","value":[0,0,0,1]},{"time":0,"nodeId":20,"component":"MiddleEffector","hash":"20#MiddleEffector","value":[0.5,3.5,0.5]},{"time":0,"nodeId":20,"component":"EndEffector","hash":"20#EndEffector","value":[5,5.42341594660407e-22,4.877130022174009e-23]},{"time":0,"nodeId":21,"component":"TwistAngle","hash":"21#TwistAngle","value":0},{"time":0,"nodeId":33,"component":"Translation","hash":"33#Translation","value":[2.9999999403953552,0.0000012012159267271727,0.49999942837439537]},{"time":0,"nodeId":33,"component":"Rotation","hash":"33#Rotation","value":[2.1081913070551047e-8,-4.226757910507023e-10,-0.7071067690849304,0.7071067690849304]},{"time":0,"nodeId":15,"component":"TwistAngle","hash":"15#TwistAngle","value":0},{"time":0,"nodeId":7,"component":"Translation","hash":"7#Translation","value":[11.997293448907662,0.9999948553740978,0]},{"time":0,"nodeId":7,"component":"Rotation","hash":"7#Rotation","value":[0,0,0,1]},{"time":0,"nodeId":7,"component":"MiddleEffector","hash":"7#MiddleEffector","value":[4.5,8,0]},{"time":0,"nodeId":7,"component":"EndEffector","hash":"7#EndEffector","value":[4.999551296234131,0.06698786467313766,0]},{"time":0,"nodeId":8,"component":"TwistAngle","hash":"8#TwistAngle","value":0},{"time":0,"nodeId":1,"component":"Translation","hash":"1#Translation","value":[5.5,0.5,0]},{"time":0,"nodeId":1,"component":"Rotation","hash":"1#Rotation","value":[0,0,0,1]},{"time":0,"nodeId":1,"component":"MiddleEffector","hash":"1#MiddleEffector","value":[4.5,-3.5,0]},{"time":0,"nodeId":1,"component":"EndEffector","hash":"1#EndEffector","value":[5.409225940704346,-9.57811450958252,0]},{"time":0,"nodeId":2,"component":"TwistAngle","hash":"2#TwistAngle","value":0},{"time":0,"nodeId":13,"component":"Translation","hash":"13#Translation","value":[0,0,0]},{"time":0,"nodeId":13,"component":"Rotation","hash":"13#Rotation","value":[0,0,0,1]},{"time":0,"nodeId":12,"component":"Translation","hash":"12#Translation","value":[0.4999999393343302,0.4999997215396421,8.10002197329518e-8]},{"time":0,"nodeId":12,"component":"Rotation","hash":"12#Rotation","value":[0,0,0,1]},{"time":0,"nodeId":5,"component":"TwistAngle","hash":"5#TwistAngle","value":0},{"time":0,"nodeId":4,"component":"TwistAngle","hash":"4#TwistAngle","value":0},{"time":0,"nodeId":34,"component":"Translation","hash":"34#Translation","value":[1.5,0.5,-4]},{"time":0,"nodeId":34,"component":"Rotation","hash":"34#Rotation","value":[0,0,0,-1]},{"time":0,"nodeId":34,"component":"MiddleEffector","hash":"34#MiddleEffector","value":[13.912683486938477,15.829242706298828,-6.418169975280762]},{"time":0,"nodeId":34,"component":"EndEffector","hash":"34#EndEffector","value":[1.6890051364898682,6.671970844268799,-4]},{"time":0,"nodeId":36,"component":"TwistAngle","hash":"36#TwistAngle","value":0},{"time":0,"nodeId":37,"component":"Translation","hash":"37#Translation","value":[12,-0.5,-0.5]},{"time":0,"nodeId":37,"component":"Rotation","hash":"37#Rotation","value":[0,0,0,-1]},{"time":0,"nodeId":37,"component":"MiddleEffector","hash":"37#MiddleEffector","value":[7.833293052176963,-0.15413182433751338,1.0087486615466084]},{"time":0,"nodeId":37,"component":"EndEffector","hash":"37#EndEffector","value":[4.102627992630005,6.93890905380249,-0.12121135741472244]},{"time":0,"nodeId":39,"component":"TwistAngle","hash":"39#TwistAngle","value":0},{"time":0,"nodeId":38,"component":"TwistAngle","hash":"38#TwistAngle","value":0},{"time":0,"nodeId":35,"component":"TwistAngle","hash":"35#TwistAngle","value":0},{"time":0,"nodeId":9,"component":"Translation","hash":"9#Translation","value":[1.5,0.5,4]},{"time":0,"nodeId":9,"component":"Rotation","hash":"9#Rotation","value":[0,0,0,1]},{"time":0,"nodeId":9,"component":"MiddleEffector","hash":"9#MiddleEffector","value":[13.912683486938477,15.944393157958984,6.993924140930176]},{"time":0,"nodeId":9,"component":"EndEffector","hash":"9#EndEffector","value":[-10.099565505981445,7,4]},{"time":0,"nodeId":11,"component":"TwistAngle","hash":"11#TwistAngle","value":0},{"time":0,"nodeId":17,"component":"Translation","hash":"17#Translation","value":[12,-0.5,0.5]},{"time":0,"nodeId":17,"component":"Rotation","hash":"17#Rotation","value":[0,0,0,1]},{"time":0,"nodeId":17,"component":"MiddleEffector","hash":"17#MiddleEffector","value":[7.833293052176963,-0.15413182433751338,-1.0087486615466084]},{"time":0,"nodeId":17,"component":"EndEffector","hash":"17#EndEffector","value":[2.6753346920013428,6.821450710296631,0.12121135741472244]},{"time":0,"nodeId":19,"component":"TwistAngle","hash":"19#TwistAngle","value":0},{"time":0,"nodeId":18,"component":"TwistAngle","hash":"18#TwistAngle","value":0},{"time":0,"nodeId":10,"component":"TwistAngle","hash":"10#TwistAngle","value":0},{"time":31,"nodeId":3,"component":"Translation","hash":"3#Translation","value":[-2,25,0]},{"time":31,"nodeId":3,"component":"Rotation","hash":"3#Rotation","value":[0,0,0,1]},{"time":31,"nodeId":3,"component":"MiddleEffector","hash":"3#MiddleEffector","value":[-10.5,23,0]},{"time":31,"nodeId":3,"component":"EndEffector","hash":"3#EndEffector","value":[6.986353397369385,21.646068572998047,0]},{"time":31,"nodeId":6,"component":"TwistAngle","hash":"6#TwistAngle","value":0},{"time":31,"nodeId":40,"component":"Translation","hash":"40#Translation","value":[11,0,-6]},{"time":31,"nodeId":40,"component":"Rotation","hash":"40#Rotation","value":[0,0,0,-1]},{"time":31,"nodeId":40,"component":"MiddleEffector","hash":"40#MiddleEffector","value":[-11,8.5,-1.5]},{"time":31,"nodeId":40,"component":"EndEffector","hash":"40#EndEffector","value":[-20.57828712463379,-4.060970783233643,-1.581028938293457]},{"time":31,"nodeId":42,"component":"TwistAngle","hash":"42#TwistAngle","value":0},{"time":31,"nodeId":43,"component":"Translation","hash":"43#Translation","value":[11,0.5,-0.5]},{"time":31,"nodeId":43,"component":"Rotation","hash":"43#Rotation","value":[0,0,0,-1]},{"time":31,"nodeId":43,"component":"MiddleEffector","hash":"43#MiddleEffector","value":[0.5,3.5,-0.5]},{"time":31,"nodeId":43,"component":"EndEffector","hash":"43#EndEffector","value":[5,5.42341594660407e-22,-4.877130022174009e-23]},{"time":31,"nodeId":44,"component":"TwistAngle","hash":"44#TwistAngle","value":0},{"time":31,"nodeId":41,"component":"TwistAngle","hash":"41#TwistAngle","value":0},{"time":31,"nodeId":14,"component":"Translation","hash":"14#Translation","value":[11,0,6]},{"time":31,"nodeId":14,"component":"Rotation","hash":"14#Rotation","value":[0,0,0,1]},{"time":31,"nodeId":14,"component":"MiddleEffector","hash":"14#MiddleEffector","value":[-11,8.5,1.5]},{"time":31,"nodeId":14,"component":"EndEffector","hash":"14#EndEffector","value":[-20.909481048583984,-1.4910259246826172,2]},{"time":31,"nodeId":16,"component":"TwistAngle","hash":"16#TwistAngle","value":0},{"time":31,"nodeId":20,"component":"Translation","hash":"20#Translation","value":[11,0.5,0.5]},{"time":31,"nodeId":20,"component":"Rotation","hash":"20#Rotation","value":[0,0,0,1]},{"time":31,"nodeId":20,"component":"MiddleEffector","hash":"20#MiddleEffector","value":[0.5,3.5,0.5]},{"time":31,"nodeId":20,"component":"EndEffector","hash":"20#EndEffector","value":[5,5.42341594660407e-22,4.877130022174009e-23]},{"time":31,"nodeId":21,"component":"TwistAngle","hash":"21#TwistAngle","value":0},{"time":31,"nodeId":33,"component":"Translation","hash":"33#Translation","value":[2.9999999403953552,0.0000012012159267271727,0.49999942837439537]},{"time":31,"nodeId":33,"component":"Rotation","hash":"33#Rotation","value":[2.1081913070551047e-8,-4.226757910507023e-10,-0.7071067690849304,0.7071067690849304]},{"time":31,"nodeId":15,"component":"TwistAngle","hash":"15#TwistAngle","value":0},{"time":31,"nodeId":7,"component":"Translation","hash":"7#Translation","value":[11.997293448907662,0.9999948553740978,0]},{"time":31,"nodeId":7,"component":"Rotation","hash":"7#Rotation","value":[0,0,0,1]},{"time":31,"nodeId":7,"component":"MiddleEffector","hash":"7#MiddleEffector","value":[4.5,8,0]},{"time":31,"nodeId":7,"component":"EndEffector","hash":"7#EndEffector","value":[4.999551296234131,0.06698786467313766,0]},{"time":31,"nodeId":8,"component":"TwistAngle","hash":"8#TwistAngle","value":0},{"time":31,"nodeId":1,"component":"Translation","hash":"1#Translation","value":[5.5,0.5,0]},{"time":31,"nodeId":1,"component":"Rotation","hash":"1#Rotation","value":[0,0,0,1]},{"time":31,"nodeId":1,"component":"MiddleEffector","hash":"1#MiddleEffector","value":[4.5,-3.5,0]},{"time":31,"nodeId":1,"component":"EndEffector","hash":"1#EndEffector","value":[5.409225940704346,-9.57811450958252,0]},{"time":31,"nodeId":2,"component":"TwistAngle","hash":"2#TwistAngle","value":0},{"time":31,"nodeId":13,"component":"Translation","hash":"13#Translation","value":[0,0,0]},{"time":31,"nodeId":13,"component":"Rotation","hash":"13#Rotation","value":[0,0,0,1]},{"time":31,"nodeId":12,"component":"Translation","hash":"12#Translation","value":[0.4999999393343302,0.4999997215396421,8.10002197329518e-8]},{"time":31,"nodeId":12,"component":"Rotation","hash":"12#Rotation","value":[0,0,0,1]},{"time":31,"nodeId":5,"component":"TwistAngle","hash":"5#TwistAngle","value":0},{"time":31,"nodeId":4,"component":"TwistAngle","hash":"4#TwistAngle","value":0},{"time":31,"nodeId":34,"component":"Translation","hash":"34#Translation","value":[1.5,0.5,-4]},{"time":31,"nodeId":34,"component":"Rotation","hash":"34#Rotation","value":[0,0,0,-1]},{"time":31,"nodeId":34,"component":"MiddleEffector","hash":"34#MiddleEffector","value":[13.912683486938477,15.829242706298828,-6.418169975280762]},{"time":31,"nodeId":34,"component":"EndEffector","hash":"34#EndEffector","value":[1.6890051364898682,6.671970844268799,-4]},{"time":31,"nodeId":36,"component":"TwistAngle","hash":"36#TwistAngle","value":0},{"time":31,"nodeId":37,"component":"Translation","hash":"37#Translation","value":[12,-0.5,-0.5]},{"time":31,"nodeId":37,"component":"Rotation","hash":"37#Rotation","value":[0,0,0,-1]},{"time":31,"nodeId":37,"component":"MiddleEffector","hash":"37#MiddleEffector","value":[7.833293052176963,-0.15413182433751338,1.0087486615466084]},{"time":31,"nodeId":37,"component":"EndEffector","hash":"37#EndEffector","value":[4.102627992630005,6.93890905380249,-0.12121135741472244]},{"time":31,"nodeId":39,"component":"TwistAngle","hash":"39#TwistAngle","value":0},{"time":31,"nodeId":38,"component":"TwistAngle","hash":"38#TwistAngle","value":0},{"time":31,"nodeId":35,"component":"TwistAngle","hash":"35#TwistAngle","value":0},{"time":31,"nodeId":9,"component":"Translation","hash":"9#Translation","value":[1.5,0.5,4]},{"time":31,"nodeId":9,"component":"Rotation","hash":"9#Rotation","value":[0,0,0,1]},{"time":31,"nodeId":9,"component":"MiddleEffector","hash":"9#MiddleEffector","value":[13.912683486938477,15.944393157958984,6.993924140930176]},{"time":31,"nodeId":9,"component":"EndEffector","hash":"9#EndEffector","value":[-10.099565505981445,7,4]},{"time":31,"nodeId":11,"component":"TwistAngle","hash":"11#TwistAngle","value":0},{"time":31,"nodeId":17,"component":"Translation","hash":"17#Translation","value":[12,-0.5,0.5]},{"time":31,"nodeId":17,"component":"Rotation","hash":"17#Rotation","value":[0,0,0,1]},{"time":31,"nodeId":17,"component":"MiddleEffector","hash":"17#MiddleEffector","value":[7.833293052176963,-0.15413182433751338,-1.0087486615466084]},{"time":31,"nodeId":17,"component":"EndEffector","hash":"17#EndEffector","value":[2.6753346920013428,6.821450710296631,0.12121135741472244]},{"time":31,"nodeId":19,"component":"TwistAngle","hash":"19#TwistAngle","value":0},{"time":31,"nodeId":18,"component":"TwistAngle","hash":"18#TwistAngle","value":0},{"time":31,"nodeId":10,"component":"TwistAngle","hash":"10#TwistAngle","value":0},{"time":16,"nodeId":3,"component":"Translation","hash":"3#Translation","value":[-2,23.5,0]},{"time":16,"nodeId":14,"component":"EndEffector","hash":"14#EndEffector","value":[-22.097747802734375,-0.44479846954345703,2]},{"time":16,"nodeId":8,"component":"TwistAngle","hash":"8#TwistAngle","value":0}]},{"id":2,"name":"Attack","keyframes":[{"time":0,"nodeId":3,"component":"Translation","hash":"3#Translation","value":[-1.1522867381572723,23.454259872436523,0]},{"time":0,"nodeId":3,"component":"Rotation","hash":"3#Rotation","value":[0,0,0,1]},{"time":0,"nodeId":3,"component":"MiddleEffector","hash":"3#MiddleEffector","value":[-10.5,23,0]},{"time":0,"nodeId":3,"component":"EndEffector","hash":"3#EndEffector","value":[8,22,0]},{"time":0,"nodeId":6,"component":"TwistAngle","hash":"6#TwistAngle","value":0},{"time":0,"nodeId":40,"component":"Translation","hash":"40#Translation","value":[11,0,-6]},{"time":0,"nodeId":40,"component":"Rotation","hash":"40#Rotation","value":[0,0,0,-1]},{"time":0,"nodeId":40,"component":"MiddleEffector","hash":"40#MiddleEffector","value":[-11,8.5,-1.5]},{"time":0,"nodeId":40,"component":"EndEffector","hash":"40#EndEffector","value":[-11,-18,5]},{"time":0,"nodeId":42,"component":"TwistAngle","hash":"42#TwistAngle","value":0},{"time":0,"nodeId":43,"component":"Translation","hash":"43#Translation","value":[11,0.5,-0.5]},{"time":0,"nodeId":43,"component":"Rotation","hash":"43#Rotation","value":[0,0,0,-1]},{"time":0,"nodeId":43,"component":"MiddleEffector","hash":"43#MiddleEffector","value":[0.5,3.5,-0.5]},{"time":0,"nodeId":43,"component":"EndEffector","hash":"43#EndEffector","value":[5,5.42341594660407e-22,-4.877130022174009e-23]},{"time":0,"nodeId":44,"component":"TwistAngle","hash":"44#TwistAngle","value":0},{"time":0,"nodeId":41,"component":"TwistAngle","hash":"41#TwistAngle","value":0},{"time":0,"nodeId":14,"component":"Translation","hash":"14#Translation","value":[11,0,6]},{"time":0,"nodeId":14,"component":"Rotation","hash":"14#Rotation","value":[0,0,0,1]},{"time":0,"nodeId":14,"component":"MiddleEffector","hash":"14#MiddleEffector","value":[-11,8.5,1.5]},{"time":0,"nodeId":14,"component":"EndEffector","hash":"14#EndEffector","value":[-8.5,-17.5,-5.5]},{"time":0,"nodeId":16,"component":"TwistAngle","hash":"16#TwistAngle","value":0},{"time":0,"nodeId":20,"component":"Translation","hash":"20#Translation","value":[11,0.5,0.5]},{"time":0,"nodeId":20,"component":"Rotation","hash":"20#Rotation","value":[0,0,0,1]},{"time":0,"nodeId":20,"component":"MiddleEffector","hash":"20#MiddleEffector","value":[0.5,3.5,0.5]},{"time":0,"nodeId":20,"component":"EndEffector","hash":"20#EndEffector","value":[4.8408637046813965,-0.1618565320968628,-1.2409027814865112]},{"time":0,"nodeId":21,"component":"TwistAngle","hash":"21#TwistAngle","value":-0.2796703770193799},{"time":0,"nodeId":33,"component":"Translation","hash":"33#Translation","value":[2.9999999403953552,0.0000012012159267271727,0.49999942837439537]},{"time":0,"nodeId":33,"component":"Rotation","hash":"33#Rotation","value":[2.1081913070551047e-8,-4.226757910507023e-10,-0.7071067690849304,0.7071067690849304]},{"time":0,"nodeId":15,"component":"TwistAngle","hash":"15#TwistAngle","value":0},{"time":0,"nodeId":7,"component":"Translation","hash":"7#Translation","value":[11.997293448907662,0.9999948553740978,0]},{"time":0,"nodeId":7,"component":"Rotation","hash":"7#Rotation","value":[0,0,0,1]},{"time":0,"nodeId":7,"component":"MiddleEffector","hash":"7#MiddleEffector","value":[4.5,8,0]},{"time":0,"nodeId":7,"component":"EndEffector","hash":"7#EndEffector","value":[4.999551296234131,0.06698786467313766,0]},{"time":0,"nodeId":8,"component":"TwistAngle","hash":"8#TwistAngle","value":0},{"time":0,"nodeId":1,"component":"Translation","hash":"1#Translation","value":[5.5,0.5,0]},{"time":0,"nodeId":1,"component":"Rotation","hash":"1#Rotation","value":[0,0,0,1]},{"time":0,"nodeId":1,"component":"MiddleEffector","hash":"1#MiddleEffector","value":[4.5,-3.5,0]},{"time":0,"nodeId":1,"component":"EndEffector","hash":"1#EndEffector","value":[4.385987281799316,-10.087770462036133,0]},{"time":0,"nodeId":2,"component":"TwistAngle","hash":"2#TwistAngle","value":0},{"time":0,"nodeId":13,"component":"Translation","hash":"13#Translation","value":[0,0,0]},{"time":0,"nodeId":13,"component":"Rotation","hash":"13#Rotation","value":[0,0,0,1]},{"time":0,"nodeId":12,"component":"Translation","hash":"12#Translation","value":[0.4999999393343302,0.4999997215396421,8.10002197329518e-8]},{"time":0,"nodeId":12,"component":"Rotation","hash":"12#Rotation","value":[0,0,0,1]},{"time":0,"nodeId":5,"component":"TwistAngle","hash":"5#TwistAngle","value":0},{"time":0,"nodeId":4,"component":"TwistAngle","hash":"4#TwistAngle","value":0},{"time":0,"nodeId":34,"component":"Translation","hash":"34#Translation","value":[1.5,0.5,-4]},{"time":0,"nodeId":34,"component":"Rotation","hash":"34#Rotation","value":[0,0,0,-1]},{"time":0,"nodeId":34,"component":"MiddleEffector","hash":"34#MiddleEffector","value":[13.912683248519897,16.865601360797882,-4]},{"time":0,"nodeId":34,"component":"EndEffector","hash":"34#EndEffector","value":[0.5,7,-4]},{"time":0,"nodeId":36,"component":"TwistAngle","hash":"36#TwistAngle","value":0},{"time":0,"nodeId":37,"component":"Translation","hash":"37#Translation","value":[12,-0.5,-0.5]},{"time":0,"nodeId":37,"component":"Rotation","hash":"37#Rotation","value":[0,0,0,-1]},{"time":0,"nodeId":37,"component":"MiddleEffector","hash":"37#MiddleEffector","value":[7.833293052176963,-0.15413182433751338,1.0087486615466084]},{"time":0,"nodeId":37,"component":"EndEffector","hash":"37#EndEffector","value":[3.498256206512451,6.955322742462158,-0.12121135741472244]},{"time":0,"nodeId":39,"component":"TwistAngle","hash":"39#TwistAngle","value":0},{"time":0,"nodeId":38,"component":"TwistAngle","hash":"38#TwistAngle","value":0},{"time":0,"nodeId":35,"component":"TwistAngle","hash":"35#TwistAngle","value":0},{"time":0,"nodeId":9,"component":"Translation","hash":"9#Translation","value":[1.5,0.5,4]},{"time":0,"nodeId":9,"component":"Rotation","hash":"9#Rotation","value":[0,0,0,1]},{"time":0,"nodeId":9,"component":"MiddleEffector","hash":"9#MiddleEffector","value":[13.912683248519897,16.865601360797882,4]},{"time":0,"nodeId":9,"component":"EndEffector","hash":"9#EndEffector","value":[-11,7,4]},{"time":0,"nodeId":11,"component":"TwistAngle","hash":"11#TwistAngle","value":0},{"time":0,"nodeId":17,"component":"Translation","hash":"17#Translation","value":[12,-0.5,0.5]},{"time":0,"nodeId":17,"component":"Rotation","hash":"17#Rotation","value":[0,0,0,1]},{"time":0,"nodeId":17,"component":"MiddleEffector","hash":"17#MiddleEffector","value":[7.833293052176963,-0.15413182433751338,-1.0087486615466084]},{"time":0,"nodeId":17,"component":"EndEffector","hash":"17#EndEffector","value":[2.5,6.5,0]},{"time":0,"nodeId":19,"component":"TwistAngle","hash":"19#TwistAngle","value":0},{"time":0,"nodeId":18,"component":"TwistAngle","hash":"18#TwistAngle","value":0},{"time":0,"nodeId":10,"component":"TwistAngle","hash":"10#TwistAngle","value":0},{"time":23,"nodeId":14,"component":"MiddleEffector","hash":"14#MiddleEffector","value":[-17,2,1.5]},{"time":23,"nodeId":14,"component":"EndEffector","hash":"14#EndEffector","value":[17.193218231201172,-12.082279205322266,-5.5]},{"time":23,"nodeId":40,"component":"EndEffector","hash":"40#EndEffector","value":[16.29414463043213,-14.86641788482666,5]},{"time":23,"nodeId":40,"component":"MiddleEffector","hash":"40#MiddleEffector","value":[-16,3.5,-1.5]},{"time":23,"nodeId":3,"component":"EndEffector","hash":"3#EndEffector","value":[-5.058629989624023,22.463218688964844,0]},{"time":23,"nodeId":1,"component":"EndEffector","hash":"1#EndEffector","value":[4.460353851318359,-10.055109977722168,0]},{"time":19,"nodeId":3,"component":"EndEffector","hash":"3#EndEffector","value":[2.6708730459213257,22.16513442993164,0]},{"time":19,"nodeId":3,"component":"Translation","hash":"3#Translation","value":[-2.608945846557617,23.454259872436523,0]},{"time":26,"nodeId":3,"component":"EndEffector","hash":"3#EndEffector","value":[8.5,21.5,0]},{"time":26,"nodeId":14,"component":"EndEffector","hash":"14#EndEffector","value":[0.8731186389923096,-22.89857292175293,-5.031696319580078]},{"time":26,"nodeId":20,"component":"EndEffector","hash":"20#EndEffector","value":[4.7927470207214355,1.4183733463287354,-0.13339655101299286]},{"time":26,"nodeId":40,"component":"EndEffector","hash":"40#EndEffector","value":[-3.2823171615600586,-22.79652214050293,5]},{"time":19,"nodeId":9,"component":"EndEffector","hash":"9#EndEffector","value":[-14.492749214172363,7.252418041229248,4]},{"time":19,"nodeId":34,"component":"EndEffector","hash":"34#EndEffector","value":[3.4575655460357666,7.160866737365723,-4]},{"time":27,"nodeId":3,"component":"EndEffector","hash":"3#EndEffector","value":[12.587169647216797,15.599777221679688,0]},{"time":27,"nodeId":40,"component":"EndEffector","hash":"40#EndEffector","value":[-8.5048189163208,-21.831317901611328,5]},{"time":27,"nodeId":14,"component":"EndEffector","hash":"14#EndEffector","value":[-4.702880382537842,-24.15491485595703,-5.5]},{"time":27,"nodeId":20,"component":"EndEffector","hash":"20#EndEffector","value":[4.6252007484436035,1.8721359968185425,-0.32035011053085327]},{"time":27,"nodeId":43,"component":"EndEffector","hash":"43#EndEffector","value":[4.996817588806152,0.149329274892807,0.09755421429872513]},{"time":27,"nodeId":1,"component":"EndEffector","hash":"1#EndEffector","value":[2.5952959060668945,-10.689455032348633,0]},{"time":28,"nodeId":3,"component":"EndEffector","hash":"3#EndEffector","value":[15.350790977478027,13.757362365722656,0]},{"time":28,"nodeId":14,"component":"EndEffector","hash":"14#EndEffector","value":[-4.446230888366699,-23.755481719970703,-5.5]},{"time":28,"nodeId":40,"component":"EndEffector","hash":"40#EndEffector","value":[-5.741189479827881,-23.51630973815918,5]},{"time":28,"nodeId":3,"component":"Translation","hash":"3#Translation","value":[-0.7815516591072083,23.08877944946289,0]},{"time":28,"nodeId":17,"component":"EndEffector","hash":"17#EndEffector","value":[2.7090961933135986,6.883548736572266,0]},{"time":23,"nodeId":3,"component":"MiddleEffector","hash":"3#MiddleEffector","value":[-13.742534637451172,11.882740020751953,0]},{"time":19,"nodeId":37,"component":"EndEffector","hash":"37#EndEffector","value":[5.03896427154541,6.361376762390137,-0.12121135741472244]},{"time":28,"nodeId":9,"component":"EndEffector","hash":"9#EndEffector","value":[-15.44339656829834,7.152286052703857,4]},{"time":23,"nodeId":20,"component":"EndEffector","hash":"20#EndEffector","value":[4.976029396057129,-0.4748128354549408,0.11698020994663239]},{"time":19,"nodeId":40,"component":"EndEffector","hash":"40#EndEffector","value":[12.988700866699219,-16.876995086669922,5]},{"time":19,"nodeId":21,"component":"TwistAngle","hash":"21#TwistAngle","value":-0.4282924682111004},{"time":26,"nodeId":21,"component":"TwistAngle","hash":"21#TwistAngle","value":-0.13172651383188985},{"time":26,"nodeId":43,"component":"EndEffector","hash":"43#EndEffector","value":[4.997325897216797,0.13689182698726654,0.08942928910255432]},{"time":8,"nodeId":21,"component":"TwistAngle","hash":"21#TwistAngle","value":-0.4483805522049788},{"time":23,"nodeId":21,"component":"TwistAngle","hash":"21#TwistAngle","value":-0.4982341419562757},{"time":27,"nodeId":21,"component":"TwistAngle","hash":"21#TwistAngle","value":-0.05402470059221365},{"time":23,"nodeId":44,"component":"TwistAngle","hash":"44#TwistAngle","value":0.18682473039127925},{"time":23,"nodeId":43,"component":"EndEffector","hash":"43#EndEffector","value":[4.987865447998047,-0.2191590517759323,0.2704930007457733]},{"time":31,"nodeId":14,"component":"EndEffector","hash":"14#EndEffector","value":[-3.983086109161377,-23.193443298339844,-5.5]},{"time":31,"nodeId":40,"component":"EndEffector","hash":"40#EndEffector","value":[-5.658449649810791,-23.30138397216797,5]},{"time":31,"nodeId":3,"component":"Translation","hash":"3#Translation","value":[-1.7079899907112122,23.08877944946289,0]},{"time":31,"nodeId":3,"component":"EndEffector","hash":"3#EndEffector","value":[14.655962944030762,14.2205810546875,0]},{"time":8,"nodeId":9,"component":"EndEffector","hash":"9#EndEffector","value":[-12.834866523742676,7.1442389488220215,4]},{"time":19,"nodeId":1,"component":"EndEffector","hash":"1#EndEffector","value":[5.0120038986206055,-9.791824340820312,0]},{"time":8,"nodeId":1,"component":"EndEffector","hash":"1#EndEffector","value":[5.3003621101379395,-9.638784408569336,0]},{"time":26,"nodeId":1,"component":"EndEffector","hash":"1#EndEffector","value":[0.7908340692520142,-10.971534729003906,0]},{"time":28,"nodeId":1,"component":"EndEffector","hash":"1#EndEffector","value":[1.9549002647399902,-10.824895858764648,0]},{"time":31,"nodeId":1,"component":"EndEffector","hash":"1#EndEffector","value":[4.383415699005127,-10.088888168334961,0]},{"time":8,"nodeId":14,"component":"EndEffector","hash":"14#EndEffector","value":[5.290067195892334,-17.915287017822266,-5.5]},{"time":8,"nodeId":40,"component":"EndEffector","hash":"40#EndEffector","value":[3.347096100449562,-20.507280349731445,5]},{"time":19,"nodeId":43,"component":"EndEffector","hash":"43#EndEffector","value":[4.936957836151123,-0.7807678580284119,0.1298007220029831]},{"time":26,"nodeId":37,"component":"EndEffector","hash":"37#EndEffector","value":[4.263477325439453,6.2250447273254395,-0.12121135741472244]},{"time":26,"nodeId":34,"component":"EndEffector","hash":"34#EndEffector","value":[2.0777692794799805,7.034623146057129,-4]}]}]